cohesion,syntax,vocabulary,phraseology,grammar,conventions
2.7681614280064126,2.728904596809865,3.0933496143004593,2.9038135440885107,2.817036962998974,2.5103563609603086
3.330763014740204,3.268851746589455,3.4712521532809433,3.3439684461127204,3.4006898211974073,3.1895784568284866
4.136677011367189,4.146497875821742,4.321945783436425,4.295345823043249,4.23420749309983,4.076381938015341
